Modelid,Description,Model File,Data File,Prediction File,Date
1,Nandi Toyota UTrust Hosur Road-All Purchase,Utrust_Purchase_DT_1.2.rds,Nandi Toyota UTrust Hosur Road-Purchase.csv,Nandi Toyota Utrust Hosur Road-Purchase Prediction1.csv,17-11-2021
2,Popular Bajaj Kochi-Sales,Bajaj_Sales_DT_1.1.rds,Popular Bajaj Kochi-Sales.csv,,16-12-2021
3,Popular Hyundai Kochi-New Car Sales,Hyundai Sales_DT_1.1.rds,Popular Hyundai Kochi-New Car Sales.csv,,16-12-2021
4,Nandi Toyota UTrust Hosur Road- Non Trade-in,UTrust_NonTradeIn_DT_1.1.rds,Nandi Toyota Utrust Hosur Road-Non Trade-in.csv,,17-11-2021
5,Nandi Toyota UTrust Hosur Road- Trade-in,UTrust_TradeIn_DT_1.1.rds,Nandi Toyota Utrust Hosur Road-Trade-in.csv,,17-11-2021
